timestamp,unique_device_id,device_short_id,pc_name,collection_mode,sample_index,true_label,model_type,parameters,prediction,execution_time_sec,cpu_energy_kwh,gpu_energy_kwh,ram_energy_kwh,total_energy_kwh,total_emissions_kg,cpu_usage_pct,gpu_model,ram_usage_pct,cpu_clock_mhz,memory_footprint_mb,model_accuracy,model_precision_weighted,model_recall_weighted,model_f1_weighted,model_flops
2026-04-04 16:28:05,10dbfbe4-6095-46e4-bfec-4d1abf94471a,10dbfbe4,Unknown_Device,automated,0,7,CNN,225034,7,0.012,2.922523282468318e-09,0.0,1.6665069124428557e-08,1.9587592406896875e-08,7.208383937860563e-09,33.8,None (CPU Only),80.4,4056,284.796875,0.9892,0.9892439657492182,0.9892,0.989192621443104,2631040
2026-04-04 16:28:09,10dbfbe4-6095-46e4-bfec-4d1abf94471a,10dbfbe4,Unknown_Device,automated,1,2,CNN,225034,2,0.0022,1.312192097527764e-09,9.701093680936741e-09,2.445312517617519e-09,1.3458598296082024e-08,4.952867191040584e-09,46.1,None (CPU Only),84.2,4056,96.765625,0.9892,0.9892439657492182,0.9892,0.989192621443104,2631040
2026-04-04 16:28:13,10dbfbe4-6095-46e4-bfec-4d1abf94471a,10dbfbe4,Unknown_Device,automated,2,1,CNN,225034,1,0.0012,1.715909455346668e-10,3.8412864254351005e-09,1.56003501615487e-09,5.572912387124637e-09,2.0508744160057556e-09,34.4,None (CPU Only),84.3,4056,121.359375,0.9892,0.9892439657492182,0.9892,0.989192621443104,2631040
2026-04-04 16:28:16,10dbfbe4-6095-46e4-bfec-4d1abf94471a,10dbfbe4,Unknown_Device,automated,3,0,CNN,225034,0,0.0004,6.823927017588479e-11,1.4293299271841537e-08,5.971525388304145e-10,1.4958691080847835e-08,5.504912818210108e-09,32.0,None (CPU Only),85.8,4056,35.59375,0.9892,0.9892439657492182,0.9892,0.989192621443104,2631040
2026-04-04 16:28:20,10dbfbe4-6095-46e4-bfec-4d1abf94471a,10dbfbe4,Unknown_Device,automated,4,4,CNN,225034,4,0.001,1.3440955523401502e-10,0.0,1.281909984148418e-09,1.416319539382433e-09,5.212164316308541e-10,27.0,None (CPU Only),83.6,4056,64.046875,0.9892,0.9892439657492182,0.9892,0.989192621443104,2631040
2026-04-04 16:28:23,10dbfbe4-6095-46e4-bfec-4d1abf94471a,10dbfbe4,Unknown_Device,automated,5,1,CNN,225034,1,0.0004,4.728430113755163e-10,0.0,6.261458232377964e-10,1.0989888346133132e-09,4.0443630328581664e-10,37.2,None (CPU Only),83.5,4056,64.34375,0.9892,0.9892439657492182,0.9892,0.989192621443104,2631040
2026-04-04 16:28:27,10dbfbe4-6095-46e4-bfec-4d1abf94471a,10dbfbe4,Unknown_Device,automated,6,4,CNN,225034,4,0.0007,8.339136982976924e-11,0.0,1.058611669577658e-09,1.1420030394074275e-09,4.20265859899858e-10,27.3,None (CPU Only),83.4,4056,65.921875,0.9892,0.9892439657492182,0.9892,0.989192621443104,2631040
2026-04-04 16:28:34,10dbfbe4-6095-46e4-bfec-4d1abf94471a,10dbfbe4,Unknown_Device,automated,7,9,CNN,225034,9,0.001,1.1828723668845164e-10,0.0,1.4065274929938215e-09,1.5248147296822731e-09,5.611434921315168e-10,25.8,None (CPU Only),83.6,4056,63.625,0.9892,0.9892439657492182,0.9892,0.989192621443104,2631040
2026-04-04 16:28:38,10dbfbe4-6095-46e4-bfec-4d1abf94471a,10dbfbe4,Unknown_Device,automated,8,5,CNN,225034,5,0.0016,1.2351949986477848e-09,0.0,2.8312150000905e-09,4.066409998738285e-09,1.4964700056419222e-09,45.6,None (CPU Only),85.2,4056,50.859375,0.9892,0.9892439657492182,0.9892,0.989192621443104,2631040
2026-04-04 16:28:42,10dbfbe4-6095-46e4-bfec-4d1abf94471a,10dbfbe4,Unknown_Device,automated,9,9,CNN,225034,9,0.0004,9.258179411699527e-11,0.0,6.638191310533633e-10,7.564009251703583e-10,2.7836133029095803e-10,40.3,None (CPU Only),84.5,4056,65.1875,0.9892,0.9892439657492182,0.9892,0.989192621443104,2631040
2026-04-04 16:28:45,10dbfbe4-6095-46e4-bfec-4d1abf94471a,10dbfbe4,Unknown_Device,automated,10,0,CNN,225034,0,0.0004,1.159135611831314e-10,0.0,6.648958272611102e-10,7.808093884442414e-10,2.873438316089539e-10,40.8,None (CPU Only),76.6,4056,67.109375,0.9892,0.9892439657492182,0.9892,0.989192621443104,2631040
2026-04-04 16:28:49,10dbfbe4-6095-46e4-bfec-4d1abf94471a,10dbfbe4,Unknown_Device,automated,11,6,CNN,225034,6,0.0006,1.1087905234793046e-10,0.0,9.116316505242139e-10,1.0225107028721442e-09,3.7629176540751596e-10,37.6,None (CPU Only),78.7,4056,59.09375,0.9892,0.9892439657492182,0.9892,0.989192621443104,2631040
2026-04-04 16:28:52,10dbfbe4-6095-46e4-bfec-4d1abf94471a,10dbfbe4,Unknown_Device,automated,12,9,CNN,225034,9,0.0004,4.999295476203164e-10,0.0,6.718058042073e-10,1.1717353518276164e-09,4.3120757845479774e-10,54.9,None (CPU Only),79.6,4056,62.265625,0.9892,0.9892439657492182,0.9892,0.989192621443104,2631040
2026-04-04 16:28:56,10dbfbe4-6095-46e4-bfec-4d1abf94471a,10dbfbe4,Unknown_Device,automated,13,0,CNN,225034,0,0.0008,6.825852026765157e-10,0.0,2.207291690865531e-09,2.889876893542047e-09,1.0634968172233391e-09,53.4,None (CPU Only),81.9,4056,42.84375,0.9892,0.9892439657492182,0.9892,0.989192621443104,2631040
2026-04-04 16:29:02,10dbfbe4-6095-46e4-bfec-4d1abf94471a,10dbfbe4,Unknown_Device,automated,14,1,CNN,225034,1,0.0026,5.454470040826383e-10,0.0,3.787257495181014e-09,4.332704499263653e-09,1.594468420171509e-09,47.3,None (CPU Only),85.2,4056,47.59375,0.9892,0.9892439657492182,0.9892,0.989192621443104,2631040
2026-04-04 16:29:07,10dbfbe4-6095-46e4-bfec-4d1abf94471a,10dbfbe4,Unknown_Device,automated,15,5,CNN,225034,5,0.0013,1.7380463797599078e-10,5.138110069435142e-09,1.943194996177529e-09,7.2551097035886616e-09,2.6699359047491e-09,35.9,None (CPU Only),86.0,4056,50.0625,0.9892,0.9892439657492182,0.9892,0.989192621443104,2631040
2026-04-04 16:29:10,10dbfbe4-6095-46e4-bfec-4d1abf94471a,10dbfbe4,Unknown_Device,automated,16,9,CNN,225034,9,0.0033,2.390444441116414e-10,3.6992526025278496e-10,3.983159161483248e-09,4.592128865847675e-09,1.689938572823627e-09,27.3,None (CPU Only),84.2,4056,59.625,0.9892,0.9892439657492182,0.9892,0.989192621443104,2631040
2026-04-04 16:29:14,10dbfbe4-6095-46e4-bfec-4d1abf94471a,10dbfbe4,Unknown_Device,automated,17,7,CNN,225034,7,0.0004,3.3401141830513043e-10,0.0,7.02014173536251e-10,1.0360255918413814e-09,3.8126534799715134e-10,33.8,None (CPU Only),83.9,4056,63.140625,0.9892,0.9892439657492182,0.9892,0.989192621443104,2631040
2026-04-04 16:29:17,10dbfbe4-6095-46e4-bfec-4d1abf94471a,10dbfbe4,Unknown_Device,automated,18,3,CNN,225034,3,0.0005,7.03703845314319e-10,7.73913299946192e-10,7.869441469665618e-10,2.264561292227073e-09,8.333758894963885e-10,30.5,None (CPU Only),83.3,4056,61.375,0.9892,0.9892439657492182,0.9892,0.989192621443104,2631040
2026-04-04 16:29:21,10dbfbe4-6095-46e4-bfec-4d1abf94471a,10dbfbe4,Unknown_Device,automated,19,4,CNN,225034,4,0.0004,2.0222011517034846e-10,0.0,6.665975282279154e-10,8.688176433982639e-10,3.1973154308626326e-10,28.7,None (CPU Only),83.2,4056,63.640625,0.9892,0.9892439657492182,0.9892,0.989192621443104,2631040
2026-04-04 16:29:24,10dbfbe4-6095-46e4-bfec-4d1abf94471a,10dbfbe4,Unknown_Device,automated,20,9,CNN,225034,9,0.0005,8.952074848057233e-10,7.850793846155282e-10,9.547916609638682e-10,2.6350785303851202e-09,9.697290692418746e-10,44.2,None (CPU Only),85.0,4056,41.8125,0.9892,0.9892439657492182,0.9892,0.989192621443104,2631040
2026-04-04 16:29:31,10dbfbe4-6095-46e4-bfec-4d1abf94471a,10dbfbe4,Unknown_Device,automated,21,6,CNN,225034,6,0.0022,2.2735500082490035e-10,0.0,3.1489583489019423e-09,3.376313349726842e-09,1.242509156499792e-09,25.5,None (CPU Only),79.1,4056,61.046875,0.9892,0.9892439657492182,0.9892,0.989192621443104,2631040
2026-04-04 16:29:35,10dbfbe4-6095-46e4-bfec-4d1abf94471a,10dbfbe4,Unknown_Device,automated,22,6,CNN,225034,6,0.0009,1.6387123117844262e-10,0.0,1.4407983204970756e-09,1.6046695516755183e-09,5.905306778692669e-10,29.4,None (CPU Only),80.5,4056,61.71875,0.9892,0.9892439657492182,0.9892,0.989192621443104,2631040
2026-04-04 16:29:39,10dbfbe4-6095-46e4-bfec-4d1abf94471a,10dbfbe4,Unknown_Device,automated,23,5,CNN,225034,5,0.0005,1.6103035862518786e-10,0.0,8.081950363703073e-10,9.692253949954952e-10,3.5668236423952203e-10,28.5,None (CPU Only),80.3,4056,62.65625,0.9892,0.9892439657492182,0.9892,0.989192621443104,2631040
2026-04-04 16:29:42,10dbfbe4-6095-46e4-bfec-4d1abf94471a,10dbfbe4,Unknown_Device,automated,24,4,CNN,225034,4,0.0004,5.2245645880854385e-11,9.526863391452934e-09,6.138883569898705e-10,1.0192997394323658e-08,3.751101062835387e-09,30.2,None (CPU Only),82.3,4056,62.1875,0.9892,0.9892439657492182,0.9892,0.989192621443104,2631040
2026-04-04 16:29:46,10dbfbe4-6095-46e4-bfec-4d1abf94471a,10dbfbe4,Unknown_Device,automated,25,0,CNN,225034,0,0.0005,1.9534991920873935e-10,0.0,7.787499635014681e-10,9.740998827102075e-10,3.5847621303002784e-10,27.0,None (CPU Only),80.5,4056,61.984375,0.9892,0.9892439657492182,0.9892,0.989192621443104,2631040
2026-04-04 16:29:49,10dbfbe4-6095-46e4-bfec-4d1abf94471a,10dbfbe4,Unknown_Device,automated,26,7,CNN,225034,7,0.0004,8.890248123336479e-11,1.1467047083359724e-09,6.427774981906014e-10,1.878384687759939e-09,6.912599430854216e-10,40.0,None (CPU Only),84.5,4056,32.53125,0.9892,0.9892439657492182,0.9892,0.989192621443104,2631040
2026-04-04 16:29:53,10dbfbe4-6095-46e4-bfec-4d1abf94471a,10dbfbe4,Unknown_Device,automated,27,4,CNN,225034,4,0.0011,6.326079576247137e-10,0.0,1.4769100137831021e-09,2.109517971407816e-09,7.76318760664538e-10,41.0,None (CPU Only),84.3,4056,61.125,0.9892,0.9892439657492182,0.9892,0.989192621443104,2631040
2026-04-04 16:29:59,10dbfbe4-6095-46e4-bfec-4d1abf94471a,10dbfbe4,Unknown_Device,automated,28,0,CNN,225034,0,0.0025,4.99155850390606e-10,2.656716748228064e-08,3.54003418275776e-09,3.0606357515429006e-08,1.1263373840317112e-08,41.7,None (CPU Only),86.5,4056,49.359375,0.9892,0.9892439657492182,0.9892,0.989192621443104,2631040
2026-04-04 16:30:04,10dbfbe4-6095-46e4-bfec-4d1abf94471a,10dbfbe4,Unknown_Device,automated,29,1,CNN,225034,1,0.0014,7.538218885165405e-10,0.0,2.000729194454228e-09,2.7545510829707687e-09,1.013695883089316e-09,42.8,None (CPU Only),84.2,4056,55.5,0.9892,0.9892439657492182,0.9892,0.989192621443104,2631040
2026-04-04 16:30:07,10dbfbe4-6095-46e4-bfec-4d1abf94471a,10dbfbe4,Unknown_Device,automated,30,3,CNN,225034,3,0.0005,1.7413257712744067e-10,5.161090665496885e-09,7.244791777338831e-10,6.059702420358209e-09,2.230016874342593e-09,40.3,None (CPU Only),84.4,4056,53.65625,0.9892,0.9892439657492182,0.9892,0.989192621443104,2631040
2026-04-04 16:30:11,10dbfbe4-6095-46e4-bfec-4d1abf94471a,10dbfbe4,Unknown_Device,automated,31,1,CNN,225034,1,0.0005,7.016448614497979e-11,0.0,7.788891283174356e-10,8.490536144624153e-10,3.1245822915522505e-10,27.0,None (CPU Only),82.3,4056,62.796875,0.9892,0.9892439657492182,0.9892,0.989192621443104,2631040
2026-04-04 16:30:14,10dbfbe4-6095-46e4-bfec-4d1abf94471a,10dbfbe4,Unknown_Device,automated,32,3,CNN,225034,3,0.0007,2.387224407032287e-09,8.557216114870649e-09,1.0587149881757796e-09,1.2003155510078716e-08,4.417253105186561e-09,36.8,None (CPU Only),85.7,4056,45.328125,0.9892,0.9892439657492182,0.9892,0.989192621443104,2631040
2026-04-04 16:30:18,10dbfbe4-6095-46e4-bfec-4d1abf94471a,10dbfbe4,Unknown_Device,automated,33,4,CNN,225034,4,0.0005,8.856988780704947e-11,0.0,8.999307950337726e-10,9.885006828408223e-10,3.637758177082072e-10,28.5,None (CPU Only),82.8,4056,61.203125,0.9892,0.9892439657492182,0.9892,0.989192621443104,2631040
2026-04-04 16:30:22,10dbfbe4-6095-46e4-bfec-4d1abf94471a,10dbfbe4,Unknown_Device,automated,34,7,CNN,225034,7,0.0034,1.1708482494610104e-09,0.0,1.3886805002888044e-08,1.5057653252349055e-08,5.541331654822923e-09,31.1,None (CPU Only),83.2,4056,38.703125,0.9892,0.9892439657492182,0.9892,0.989192621443104,2631040
2026-04-04 16:30:28,10dbfbe4-6095-46e4-bfec-4d1abf94471a,10dbfbe4,Unknown_Device,automated,35,2,CNN,225034,2,0.0038,4.163537824448819e-09,0.0,7.254548351435611e-09,1.141808617588443e-08,4.201943111822808e-09,39.8,None (CPU Only),79.0,4056,58.625,0.9892,0.9892439657492182,0.9892,0.989192621443104,2631040
2026-04-04 16:30:33,10dbfbe4-6095-46e4-bfec-4d1abf94471a,10dbfbe4,Unknown_Device,automated,36,7,CNN,225034,7,0.0021,1.0221559938395834e-08,6.324526908429108e-09,4.260485826913889e-09,2.0806572673738832e-08,7.656978006674178e-09,65.5,None (CPU Only),81.4,4056,24.4375,0.9892,0.9892439657492182,0.9892,0.989192621443104,2631040
2026-04-04 16:30:37,10dbfbe4-6095-46e4-bfec-4d1abf94471a,10dbfbe4,Unknown_Device,automated,37,1,CNN,225034,1,0.0014,2.760411326433919e-09,7.472542290051931e-10,2.0048608227322503e-09,5.512526378171363e-09,2.028651902489647e-09,56.4,None (CPU Only),80.7,4056,57.03125,0.9892,0.9892439657492182,0.9892,0.989192621443104,2631040
2026-04-04 16:30:40,10dbfbe4-6095-46e4-bfec-4d1abf94471a,10dbfbe4,Unknown_Device,automated,38,2,CNN,225034,2,0.0005,9.918734689967502e-11,3.7263286449888254e-10,7.811108662281183e-10,1.2529310776266761e-09,4.610882270569603e-10,41.3,None (CPU Only),79.7,4056,60.234375,0.9892,0.9892439657492182,0.9892,0.989192621443104,2631040
2026-04-04 16:30:44,10dbfbe4-6095-46e4-bfec-4d1abf94471a,10dbfbe4,Unknown_Device,automated,39,1,CNN,225034,1,0.0006,9.964371324329276e-11,0.0,8.446525316685437e-10,9.442962449118367e-10,3.4750824618996084e-10,36.9,None (CPU Only),79.3,4056,98.53125,0.9892,0.9892439657492182,0.9892,0.989192621443104,2631040
2026-04-04 16:30:48,10dbfbe4-6095-46e4-bfec-4d1abf94471a,10dbfbe4,Unknown_Device,automated,40,1,CNN,225034,1,0.0006,5.774496333389027e-10,2.705533187458059e-09,8.44895839691162e-10,4.127878660488123e-09,1.5190909436742712e-09,33.1,None (CPU Only),79.9,4056,99.328125,0.9892,0.9892439657492182,0.9892,0.989192621443104,2631040
2026-04-04 16:30:51,10dbfbe4-6095-46e4-bfec-4d1abf94471a,10dbfbe4,Unknown_Device,automated,41,7,CNN,225034,7,0.0004,7.338724663067196e-11,1.562147365417331e-09,6.249649838233985e-10,2.2604995958714023e-09,8.31881154147476e-10,31.9,None (CPU Only),80.4,4056,97.390625,0.9892,0.9892439657492182,0.9892,0.989192621443104,2631040
2026-04-04 16:30:58,10dbfbe4-6095-46e4-bfec-4d1abf94471a,10dbfbe4,Unknown_Device,automated,42,4,CNN,225034,4,0.0033,1.6452844496767884e-09,2.757146028976422e-09,4.193958351000523e-09,8.596388829653735e-09,3.16353688988655e-09,26.9,None (CPU Only),81.0,4056,56.828125,0.9892,0.9892439657492182,0.9892,0.989192621443104,2631040
2026-04-04 16:31:02,10dbfbe4-6095-46e4-bfec-4d1abf94471a,10dbfbe4,Unknown_Device,automated,43,2,CNN,225034,2,0.0015,2.736693996767927e-10,3.7617562500236087e-10,2.2026733010231207e-09,2.852518325702274e-09,1.0497485782992502e-09,31.0,None (CPU Only),80.4,4056,57.3125,0.9892,0.9892439657492182,0.9892,0.989192621443104,2631040
2026-04-04 16:31:06,10dbfbe4-6095-46e4-bfec-4d1abf94471a,10dbfbe4,Unknown_Device,automated,44,3,CNN,225034,3,0.0006,1.7502670103567647e-10,0.0,9.269791674644995e-10,1.1020058685001764e-09,4.0554659484989825e-10,33.4,None (CPU Only),80.6,4056,49.125,0.9892,0.9892439657492182,0.9892,0.989192621443104,2631040
2026-04-04 16:31:09,10dbfbe4-6095-46e4-bfec-4d1abf94471a,10dbfbe4,Unknown_Device,automated,45,5,CNN,225034,5,0.0004,4.6440346753742125e-10,0.0,5.65174171545853e-10,1.0295776390832743e-09,3.7889245202667695e-10,37.4,None (CPU Only),79.3,4056,58.078125,0.9892,0.9892439657492182,0.9892,0.989192621443104,2631040
2026-04-04 16:31:13,10dbfbe4-6095-46e4-bfec-4d1abf94471a,10dbfbe4,Unknown_Device,automated,46,1,CNN,225034,1,0.0004,6.391805934803821e-10,2.434672006434994e-09,7.039925064115475e-10,3.7778451063269244e-09,1.3902759164308303e-09,45.4,None (CPU Only),81.8,4056,33.921875,0.9892,0.9892439657492182,0.9892,0.989192621443104,2631040
2026-04-04 16:31:17,10dbfbe4-6095-46e4-bfec-4d1abf94471a,10dbfbe4,Unknown_Device,automated,47,2,CNN,225034,2,0.001,1.7719516204185007e-10,5.184296711140389e-08,1.3906941846168287e-09,5.3410856458062575e-08,1.9655604006958617e-08,38.9,None (CPU Only),84.4,4056,55.734375,0.9892,0.9892439657492182,0.9892,0.989192621443104,2631040
2026-04-04 16:31:20,10dbfbe4-6095-46e4-bfec-4d1abf94471a,10dbfbe4,Unknown_Device,automated,48,4,CNN,225034,4,0.0005,8.014432401008281e-11,3.7563023950497144e-10,7.684375062429657e-10,1.22421206975802e-09,4.505194123332671e-10,33.4,None (CPU Only),83.9,4056,40.828125,0.9892,0.9892439657492182,0.9892,0.989192621443104,2631040
2026-04-04 16:31:27,10dbfbe4-6095-46e4-bfec-4d1abf94471a,10dbfbe4,Unknown_Device,automated,49,4,CNN,225034,4,0.0038,4.991238386638642e-10,0.0,5.594479152932763e-09,6.093602991596627e-09,2.2424925440483443e-09,23.3,None (CPU Only),84.1,4056,57.625,0.9892,0.9892439657492182,0.9892,0.989192621443104,2631040
2026-04-04 16:31:31,10dbfbe4-6095-46e4-bfec-4d1abf94471a,10dbfbe4,Unknown_Device,automated,50,6,CNN,225034,6,0.0014,7.760121210028754e-10,3.9064218749990687e-10,2.1979166679860407e-09,3.364570976488823e-09,1.2381878732668664e-09,38.0,None (CPU Only),84.5,4056,39.171875,0.9892,0.9892439657492182,0.9892,0.989192621443104,2631040
2026-04-04 16:31:35,10dbfbe4-6095-46e4-bfec-4d1abf94471a,10dbfbe4,Unknown_Device,automated,51,3,CNN,225034,3,0.001,3.5731727200780165e-10,0.0,1.2541666607527683e-09,1.6114839327605702e-09,5.93038422268862e-10,31.0,None (CPU Only),84.5,4056,57.03125,0.9892,0.9892439657492182,0.9892,0.989192621443104,2631040
2026-04-04 16:31:39,10dbfbe4-6095-46e4-bfec-4d1abf94471a,10dbfbe4,Unknown_Device,automated,52,5,CNN,225034,5,0.0004,1.5475322390557266e-10,3.8427819775824897e-10,6.746524983706574e-10,1.213683920034479e-09,4.466449726478752e-10,38.1,None (CPU Only),83.7,4056,36.375,0.9892,0.9892439657492182,0.9892,0.989192621443104,2631040
2026-04-04 16:31:42,10dbfbe4-6095-46e4-bfec-4d1abf94471a,10dbfbe4,Unknown_Device,automated,53,5,CNN,225034,5,0.0011,1.4580093427664703e-10,5.04498113546611e-09,1.3879858306609094e-09,6.578767900403667e-09,2.421036944156795e-09,38.1,None (CPU Only),85.4,4056,52.84375,0.9892,0.9892439657492182,0.9892,0.989192621443104,2631040
2026-04-04 16:31:46,10dbfbe4-6095-46e4-bfec-4d1abf94471a,10dbfbe4,Unknown_Device,automated,54,6,CNN,225034,6,0.0004,3.953888920303952e-10,4.1107576388943315e-10,7.251041824929415e-10,1.5315688384127702e-09,5.636290558432842e-10,31.8,None (CPU Only),83.5,4056,56.21875,0.9892,0.9892439657492182,0.9892,0.989192621443104,2631040
2026-04-04 16:31:49,10dbfbe4-6095-46e4-bfec-4d1abf94471a,10dbfbe4,Unknown_Device,automated,55,0,CNN,225034,0,0.0005,9.202679143830511e-11,0.0,7.619100021353613e-10,8.539367935736664e-10,3.142552764461848e-10,25.5,None (CPU Only),83.4,4056,56.0625,0.9892,0.9892439657492182,0.9892,0.989192621443104,2631040
2026-04-04 16:31:56,10dbfbe4-6095-46e4-bfec-4d1abf94471a,10dbfbe4,Unknown_Device,automated,56,4,CNN,225034,4,0.0021,2.464978889782086e-10,3.7929617699410296e-10,3.147014164521049e-09,3.77280823049336e-09,1.3884223075695963e-09,28.9,None (CPU Only),79.5,4056,57.390625,0.9892,0.9892439657492182,0.9892,0.989192621443104,2631040
2026-04-04 16:32:00,10dbfbe4-6095-46e4-bfec-4d1abf94471a,10dbfbe4,Unknown_Device,automated,57,1,CNN,225034,1,0.0012,4.695455219900598e-10,1.1948536895280186e-09,1.7949299945030363e-09,3.4593292060211143e-09,1.273059627056279e-09,34.4,None (CPU Only),79.6,4056,56.84375,0.9892,0.9892439657492182,0.9892,0.989192621443104,2631040
2026-04-04 16:32:04,10dbfbe4-6095-46e4-bfec-4d1abf94471a,10dbfbe4,Unknown_Device,automated,58,9,CNN,225034,9,0.0006,3.540264365728945e-10,1.5466296874866302e-09,8.285416697617621e-10,2.729197793821287e-09,1.004365678616983e-09,29.4,None (CPU Only),79.4,4056,57.453125,0.9892,0.9892439657492182,0.9892,0.989192621443104,2631040
2026-04-04 16:32:07,10dbfbe4-6095-46e4-bfec-4d1abf94471a,10dbfbe4,Unknown_Device,automated,59,5,CNN,225034,5,0.0004,5.575375078478828e-11,3.682838645036099e-10,6.5937497614262e-10,1.0834125914310184e-09,3.9870412656725637e-10,26.0,None (CPU Only),79.0,4056,58.234375,0.9892,0.9892439657492182,0.9892,0.989192621443104,2631040
2026-04-04 16:32:11,10dbfbe4-6095-46e4-bfec-4d1abf94471a,10dbfbe4,Unknown_Device,automated,60,7,CNN,225034,7,0.0004,3.9560142007151934e-11,0.0,6.383683163827906e-10,6.779284583899425e-10,2.4948286185268907e-10,22.5,None (CPU Only),78.9,4056,58.8125,0.9892,0.9892439657492182,0.9892,0.989192621443104,2631040
2026-04-04 16:32:14,10dbfbe4-6095-46e4-bfec-4d1abf94471a,10dbfbe4,Unknown_Device,automated,61,8,CNN,225034,8,0.0004,9.528628987027332e-11,0.0,6.257291533984243e-10,7.210154432686978e-10,2.6533920209496926e-10,30.4,None (CPU Only),78.7,4056,58.90625,0.9892,0.9892439657492182,0.9892,0.989192621443104,2631040
2026-04-04 16:32:18,10dbfbe4-6095-46e4-bfec-4d1abf94471a,10dbfbe4,Unknown_Device,automated,62,9,CNN,225034,5,0.0004,6.224031510969829e-11,0.0,6.481600091016542e-10,7.104003242113523e-10,2.614327570290354e-10,29.8,None (CPU Only),78.9,4056,58.90625,0.9892,0.9892439657492182,0.9892,0.989192621443104,2631040
2026-04-04 16:32:24,10dbfbe4-6095-46e4-bfec-4d1abf94471a,10dbfbe4,Unknown_Device,automated,63,3,CNN,225034,3,0.0038,2.1537400790758614e-09,0.0,6.730277527822181e-09,8.884017606898042e-09,3.2693864815507255e-09,31.5,None (CPU Only),80.8,4056,45.8125,0.9892,0.9892439657492182,0.9892,0.989192621443104,2631040
2026-04-04 16:32:29,10dbfbe4-6095-46e4-bfec-4d1abf94471a,10dbfbe4,Unknown_Device,automated,64,7,CNN,225034,7,0.0019,3.2520708023285907e-10,3.760605624993331e-10,3.0075000055755172e-09,3.7087676483077104e-09,1.364854883130249e-09,27.5,None (CPU Only),79.9,4056,55.609375,0.9892,0.9892439657492182,0.9892,0.989192621443104,2631040
2026-04-04 16:32:32,10dbfbe4-6095-46e4-bfec-4d1abf94471a,10dbfbe4,Unknown_Device,automated,65,4,CNN,225034,4,0.0005,3.9648886886425314e-11,0.0,6.773616769351065e-10,7.170105638215317e-10,2.638653758032881e-10,24.9,None (CPU Only),79.0,4056,57.53125,0.9892,0.9892439657492182,0.9892,0.989192621443104,2631040
2026-04-04 16:32:36,10dbfbe4-6095-46e4-bfec-4d1abf94471a,10dbfbe4,Unknown_Device,automated,66,6,CNN,225034,6,0.0004,5.668875051034977e-11,3.6883105224114835e-10,6.753824709448962e-10,1.1009022736963943e-09,4.0514046351470225e-10,29.4,None (CPU Only),79.0,4056,58.546875,0.9892,0.9892439657492182,0.9892,0.989192621443104,2631040
2026-04-04 16:32:39,10dbfbe4-6095-46e4-bfec-4d1abf94471a,10dbfbe4,Unknown_Device,automated,67,4,CNN,225034,4,0.0005,6.228560256810548e-11,0.0,7.473958248738198e-10,8.096814274419253e-10,2.9796896295949737e-10,26.6,None (CPU Only),79.2,4056,58.21875,0.9892,0.9892439657492182,0.9892,0.989192621443104,2631040
2026-04-04 16:32:43,10dbfbe4-6095-46e4-bfec-4d1abf94471a,10dbfbe4,Unknown_Device,automated,68,3,CNN,225034,3,0.0005,1.4679287972588403e-10,3.7916970849619247e-10,7.607291627209633e-10,1.2866917509430394e-09,4.73512413256554e-10,27.6,None (CPU Only),79.2,4056,57.828125,0.9892,0.9892439657492182,0.9892,0.989192621443104,2631040
2026-04-04 16:32:46,10dbfbe4-6095-46e4-bfec-4d1abf94471a,10dbfbe4,Unknown_Device,automated,69,0,CNN,225034,0,0.0004,7.162745498094915e-11,1.1470061625392795e-09,7.017016469035297e-10,1.920335264423758e-09,7.06698076406033e-10,30.1,None (CPU Only),81.0,4056,57.28125,0.9892,0.9892439657492182,0.9892,0.989192621443104,2631040
2026-04-04 16:32:53,10dbfbe4-6095-46e4-bfec-4d1abf94471a,10dbfbe4,Unknown_Device,automated,70,7,CNN,225034,7,0.0024,2.6317646502623873e-09,1.5363639756687915e-09,3.2347575082288433e-09,7.4028861341600234e-09,2.7243187623457236e-09,28.4,None (CPU Only),80.3,4056,57.8125,0.9892,0.9892439657492182,0.9892,0.989192621443104,2631040
2026-04-04 16:32:58,10dbfbe4-6095-46e4-bfec-4d1abf94471a,10dbfbe4,Unknown_Device,automated,71,0,CNN,225034,0,0.002,1.660729174182052e-10,0.0,2.858645845359812e-09,3.024718762778017e-09,1.113119657241667e-09,25.2,None (CPU Only),78.9,4056,57.8125,0.9892,0.9892439657492182,0.9892,0.989192621443104,2631040
2026-04-04 16:33:01,10dbfbe4-6095-46e4-bfec-4d1abf94471a,10dbfbe4,Unknown_Device,automated,72,2,CNN,225034,2,0.0005,1.2666772700322326e-10,3.718520624970551e-10,8.01944164171194e-10,1.3004639536714723e-09,4.785806892791671e-10,31.8,None (CPU Only),79.7,4056,57.390625,0.9892,0.9892439657492182,0.9892,0.989192621443104,2631040
2026-04-04 16:33:05,10dbfbe4-6095-46e4-bfec-4d1abf94471a,10dbfbe4,Unknown_Device,automated,73,9,CNN,225034,9,0.0004,5.6581248645670707e-11,0.0,6.318750092759728e-10,6.884562579216437e-10,2.533571726648035e-10,26.8,None (CPU Only),78.9,4056,57.921875,0.9892,0.9892439657492182,0.9892,0.989192621443104,2631040
2026-04-04 16:33:08,10dbfbe4-6095-46e4-bfec-4d1abf94471a,10dbfbe4,Unknown_Device,automated,74,1,CNN,225034,1,0.0008,8.929484284211263e-11,0.0,9.33610863285139e-10,1.0229057061272519e-09,3.7643712962892567e-10,25.2,None (CPU Only),78.9,4056,58.25,0.9892,0.9892439657492182,0.9892,0.989192621443104,2631040
2026-04-04 16:33:12,10dbfbe4-6095-46e4-bfec-4d1abf94471a,10dbfbe4,Unknown_Device,automated,75,7,CNN,225034,7,0.0004,3.7770432390971105e-10,0.0,6.089933352389683e-10,9.866976591486794e-10,3.6311229118835534e-10,35.7,None (CPU Only),79.6,4056,57.265625,0.9892,0.9892439657492182,0.9892,0.989192621443104,2631040
2026-04-04 16:33:15,10dbfbe4-6095-46e4-bfec-4d1abf94471a,10dbfbe4,Unknown_Device,automated,76,3,CNN,225034,3,0.0005,5.188972655095212e-11,0.0,8.273958034502962e-10,8.792855300012483e-10,3.235838054820098e-10,26.6,None (CPU Only),79.5,4056,57.0,0.9892,0.9892439657492182,0.9892,0.989192621443104,2631040
2026-04-04 16:33:22,10dbfbe4-6095-46e4-bfec-4d1abf94471a,10dbfbe4,Unknown_Device,automated,77,2,CNN,225034,2,0.002,3.3406425008433876e-10,3.8012590626021847e-10,2.7806941943708804e-09,3.494884350715438e-09,1.2861441924586419e-09,34.5,None (CPU Only),82.5,4056,49.546875,0.9892,0.9892439657492182,0.9892,0.989192621443104,2631040
2026-04-04 16:33:26,10dbfbe4-6095-46e4-bfec-4d1abf94471a,10dbfbe4,Unknown_Device,automated,78,9,CNN,225034,9,0.0018,1.6411482734838502e-10,0.0,2.615520837328707e-09,2.779635664677092e-09,1.0229272011657604e-09,29.0,None (CPU Only),82.7,4056,57.125,0.9892,0.9892439657492182,0.9892,0.989192621443104,2631040
2026-04-04 16:33:30,10dbfbe4-6095-46e4-bfec-4d1abf94471a,10dbfbe4,Unknown_Device,automated,79,7,CNN,225034,7,0.0004,1.2351068268051468e-10,4.0640449083487805e-10,6.42916663006569e-10,1.1728318365219616e-09,4.316110932152972e-10,30.5,None (CPU Only),83.0,4056,57.96875,0.9892,0.9892439657492182,0.9892,0.989192621443104,2631040
2026-04-04 16:33:33,10dbfbe4-6095-46e4-bfec-4d1abf94471a,10dbfbe4,Unknown_Device,automated,80,7,CNN,225034,7,0.0005,6.068614990605663e-11,0.0,8.18298334100594e-10,8.789844840066506e-10,3.2347301825165827e-10,24.3,None (CPU Only),84.1,4056,58.390625,0.9892,0.9892439657492182,0.9892,0.989192621443104,2631040
2026-04-04 16:33:37,10dbfbe4-6095-46e4-bfec-4d1abf94471a,10dbfbe4,Unknown_Device,automated,81,6,CNN,225034,6,0.0004,3.6716198592330324e-10,5.376304025477212e-09,6.322225090116261e-10,6.375688520412142e-09,2.346302177860241e-09,39.6,None (CPU Only),85.9,4056,26.0625,0.9892,0.9892439657492182,0.9892,0.989192621443104,2631040
2026-04-04 16:33:40,10dbfbe4-6095-46e4-bfec-4d1abf94471a,10dbfbe4,Unknown_Device,automated,82,2,CNN,225034,2,0.0009,2.5994427148058695e-10,5.446359027911159e-09,1.3423616959092515e-09,7.048664995300998e-09,2.593962671879851e-09,36.7,None (CPU Only),85.0,4056,55.484375,0.9892,0.9892439657492182,0.9892,0.989192621443104,2631040
2026-04-04 16:33:44,10dbfbe4-6095-46e4-bfec-4d1abf94471a,10dbfbe4,Unknown_Device,automated,83,7,CNN,225034,7,0.0005,8.933335827087932e-11,3.9082653124933124e-10,8.162841550074518e-10,1.2964440445276623e-09,4.771013319440769e-10,28.3,None (CPU Only),83.9,4056,47.921875,0.9892,0.9892439657492182,0.9892,0.989192621443104,2631040
2026-04-04 16:33:51,10dbfbe4-6095-46e4-bfec-4d1abf94471a,10dbfbe4,Unknown_Device,automated,84,8,CNN,225034,8,0.0027,3.828093508361943e-10,9.339571015836552e-09,3.659479164828857e-09,1.3381859531501604e-08,4.92462673828244e-09,31.5,None (CPU Only),85.7,4056,49.78125,0.9892,0.9892439657492182,0.9892,0.989192621443104,2631040
2026-04-04 16:33:55,10dbfbe4-6095-46e4-bfec-4d1abf94471a,10dbfbe4,Unknown_Device,automated,85,4,CNN,225034,4,0.004,3.6426393824513066e-10,0.0,4.849166677255804e-09,5.2134306155009354e-09,1.9185823724152655e-09,28.7,None (CPU Only),83.5,4056,55.234375,0.9892,0.9892439657492182,0.9892,0.989192621443104,2631040
2026-04-04 16:33:59,10dbfbe4-6095-46e4-bfec-4d1abf94471a,10dbfbe4,Unknown_Device,automated,86,7,CNN,225034,7,0.0005,7.59302910850642e-11,3.683160729997326e-10,6.638191795597473e-10,1.1080655436445442e-09,4.077766016864676e-10,28.1,None (CPU Only),79.1,4056,56.953125,0.9892,0.9892439657492182,0.9892,0.989192621443104,2631040
2026-04-04 16:34:02,10dbfbe4-6095-46e4-bfec-4d1abf94471a,10dbfbe4,Unknown_Device,automated,87,3,CNN,225034,3,0.0004,7.372043534996919e-11,0.0,6.519441861504069e-10,7.25664621500376e-10,2.6705013527109966e-10,28.6,None (CPU Only),78.6,4056,58.234375,0.9892,0.9892439657492182,0.9892,0.989192621443104,2631040
2026-04-04 16:34:06,10dbfbe4-6095-46e4-bfec-4d1abf94471a,10dbfbe4,Unknown_Device,automated,88,6,CNN,225034,6,0.0004,4.1521295002894473e-11,4.092664583327455e-10,6.383333432798584e-10,1.0891210966154983e-09,4.008049001705763e-10,26.8,None (CPU Only),78.7,4056,58.484375,0.9892,0.9892439657492182,0.9892,0.989192621443104,2631040
2026-04-04 16:34:09,10dbfbe4-6095-46e4-bfec-4d1abf94471a,10dbfbe4,Unknown_Device,automated,89,1,CNN,225034,1,0.0004,3.3160585294050784e-10,0.0,6.226391512124487e-10,9.542450041529568e-10,3.511694657429102e-10,31.6,None (CPU Only),78.4,4056,58.625,0.9892,0.9892439657492182,0.9892,0.989192621443104,2631040
2026-04-04 16:34:13,10dbfbe4-6095-46e4-bfec-4d1abf94471a,10dbfbe4,Unknown_Device,automated,90,3,CNN,225034,3,0.0004,6.636328577587849e-11,0.0,6.695483170915396e-10,7.359116028674181e-10,2.7082110284911266e-10,25.7,None (CPU Only),78.8,4056,58.890625,0.9892,0.9892439657492182,0.9892,0.989192621443104,2631040
2026-04-04 16:34:19,10dbfbe4-6095-46e4-bfec-4d1abf94471a,10dbfbe4,Unknown_Device,automated,91,6,CNN,225034,6,0.002,2.4498635923696886e-10,4.1982461805067336e-10,2.788541654202466e-09,3.4533526314901086e-09,1.2708602018815155e-09,27.2,None (CPU Only),78.9,4056,57.703125,0.9892,0.9892439657492182,0.9892,0.989192621443104,2631040
2026-04-04 16:34:24,10dbfbe4-6095-46e4-bfec-4d1abf94471a,10dbfbe4,Unknown_Device,automated,92,9,CNN,225034,9,0.0025,4.171811281606399e-10,0.0,3.248889164145415e-09,3.666070292306055e-09,1.3491419292971342e-09,30.0,None (CPU Only),78.5,4056,58.96875,0.9892,0.9892439657492182,0.9892,0.989192621443104,2631040
2026-04-04 16:34:27,10dbfbe4-6095-46e4-bfec-4d1abf94471a,10dbfbe4,Unknown_Device,automated,93,3,CNN,225034,3,0.0004,4.8417491081636405e-11,1.5802562126547044e-09,5.914583258951702e-10,2.220132029631511e-09,8.170255807799345e-10,37.6,None (CPU Only),80.0,4056,57.15625,0.9892,0.9892439657492182,0.9892,0.989192621443104,2631040
2026-04-04 16:34:31,10dbfbe4-6095-46e4-bfec-4d1abf94471a,10dbfbe4,Unknown_Device,automated,94,1,CNN,225034,1,0.0004,9.422614705819999e-10,6.544110000185254e-09,5.79096667934209e-10,8.065468138701463e-09,2.9681540117135975e-09,36.4,None (CPU Only),83.4,4056,45.171875,0.9892,0.9892439657492182,0.9892,0.989192621443104,2631040
2026-04-04 16:34:34,10dbfbe4-6095-46e4-bfec-4d1abf94471a,10dbfbe4,Unknown_Device,automated,95,4,CNN,225034,4,0.0009,1.1271333850163502e-10,4.1251392360815464e-10,1.287639170186594e-09,1.8128664322963839e-09,6.671487235690383e-10,30.4,None (CPU Only),81.0,4056,56.453125,0.9892,0.9892439657492182,0.9892,0.989192621443104,2631040
2026-04-04 16:34:38,10dbfbe4-6095-46e4-bfec-4d1abf94471a,10dbfbe4,Unknown_Device,automated,96,1,CNN,225034,1,0.0008,7.271588991958804e-10,1.148122791647135e-09,9.247216803487392e-10,2.800003371191755e-09,1.030422673066618e-09,28.3,None (CPU Only),81.2,4056,56.921875,0.9892,0.9892439657492182,0.9892,0.989192621443104,2631040
2026-04-04 16:34:41,10dbfbe4-6095-46e4-bfec-4d1abf94471a,10dbfbe4,Unknown_Device,automated,97,7,CNN,225034,7,0.0005,1.0700472058508439e-10,0.0,6.931591876006373e-10,8.001639081857217e-10,2.9446644302189957e-10,27.0,None (CPU Only),80.3,4056,57.34375,0.9892,0.9892439657492182,0.9892,0.989192621443104,2631040
2026-04-04 16:34:48,10dbfbe4-6095-46e4-bfec-4d1abf94471a,10dbfbe4,Unknown_Device,automated,98,6,CNN,225034,6,0.002,2.651801713218447e-10,3.773317187587963e-10,2.936180826509371e-09,3.578692716590012e-09,1.3169863126069e-09,25.8,None (CPU Only),79.7,4056,58.875,0.9892,0.9892439657492182,0.9892,0.989192621443104,2631040
2026-04-04 16:34:52,10dbfbe4-6095-46e4-bfec-4d1abf94471a,10dbfbe4,Unknown_Device,automated,99,9,CNN,225034,9,0.0018,3.08705158555919e-10,0.0,2.8876733752743655e-09,3.1963785338302846e-09,1.176291766948948e-09,26.4,None (CPU Only),80.0,4056,59.234375,0.9892,0.9892439657492182,0.9892,0.989192621443104,2631040
2026-04-04 16:34:56,10dbfbe4-6095-46e4-bfec-4d1abf94471a,10dbfbe4,Unknown_Device,automated,100,6,CNN,225034,6,0.001,1.627766060280717e-10,0.0,1.4528475003316999e-09,1.6156241063597716e-09,5.945620378440938e-10,32.6,None (CPU Only),80.7,4056,65.828125,0.9892,0.9892439657492182,0.9892,0.9891926214431039,2631040
2026-04-04 16:34:59,10dbfbe4-6095-46e4-bfec-4d1abf94471a,10dbfbe4,Unknown_Device,automated,101,0,CNN,225034,0,0.0004,6.760465710410952e-11,1.1707977679972017e-09,5.911799962632358e-10,1.829582421364547e-09,6.733003354977189e-10,27.6,None (CPU Only),81.1,4056,75.421875,0.9892,0.9892439657492182,0.9892,0.9891926214431039,2631040
2026-04-04 16:35:03,10dbfbe4-6095-46e4-bfec-4d1abf94471a,10dbfbe4,Unknown_Device,automated,102,5,CNN,225034,5,0.0004,4.873751130718221e-10,2.4338002500104875e-09,6.465975214572003e-10,3.56777288453951e-09,1.3129677308270759e-09,34.0,None (CPU Only),81.5,4056,60.359375,0.9892,0.9892439657492182,0.9892,0.9891926214431039,2631040
2026-04-04 16:35:07,10dbfbe4-6095-46e4-bfec-4d1abf94471a,10dbfbe4,Unknown_Device,automated,103,4,CNN,225034,4,0.0024,3.391360112242789e-10,0.0,2.5895833096001294e-09,2.9287193208244084e-09,1.0777911277804194e-09,29.2,None (CPU Only),81.1,4056,52.0,0.9892,0.9892439657492182,0.9892,0.9891926214431039,2631040
2026-04-04 16:35:10,10dbfbe4-6095-46e4-bfec-4d1abf94471a,10dbfbe4,Unknown_Device,automated,104,9,CNN,225034,9,0.0004,5.974057610728778e-11,0.0,6.4694414807794e-10,7.066847241852278e-10,2.6006538777857043e-10,30.7,None (CPU Only),81.8,4056,60.40625,0.9892,0.9892439657492182,0.9892,0.9891926214431039,2631040
2026-04-04 16:35:17,10dbfbe4-6095-46e4-bfec-4d1abf94471a,10dbfbe4,Unknown_Device,automated,105,9,CNN,225034,9,0.0028,5.217250099328036e-10,1.9348636073215555e-09,3.842708344260852e-09,6.299296961515211e-09,2.318189499451287e-09,27.3,None (CPU Only),83.6,4056,47.8125,0.9892,0.9892439657492182,0.9892,0.9891926214431039,2631040
2026-04-04 16:35:21,10dbfbe4-6095-46e4-bfec-4d1abf94471a,10dbfbe4,Unknown_Device,automated,106,2,CNN,225034,2,0.0018,2.3018292010625985e-09,0.0,2.9227774939499796e-09,5.224606695012578e-09,1.9226952552222213e-09,45.1,None (CPU Only),83.9,4056,24.125,0.9892,0.9892439657492182,0.9892,0.9891926214431039,2631040
2026-04-04 16:35:25,10dbfbe4-6095-46e4-bfec-4d1abf94471a,10dbfbe4,Unknown_Device,automated,107,1,CNN,225034,1,0.0043,1.0671413281966428e-08,1.1754829722146193e-09,4.354583312912534e-09,1.6201479567093582e-08,5.962268494002992e-09,50.8,None (CPU Only),83.3,4056,25.609375,0.9892,0.9892439657492182,0.9892,0.9891926214431039,2631040
2026-04-04 16:35:29,10dbfbe4-6095-46e4-bfec-4d1abf94471a,10dbfbe4,Unknown_Device,automated,108,9,CNN,225034,9,0.001,1.1155227983059984e-10,7.835994514025515e-10,1.3305208509943138e-09,2.225672582227465e-09,8.190645465450934e-10,25.3,None (CPU Only),83.7,4056,55.59375,0.9892,0.9892439657492182,0.9892,0.9891926214431039,2631040
2026-04-04 16:35:32,10dbfbe4-6095-46e4-bfec-4d1abf94471a,10dbfbe4,Unknown_Device,automated,109,4,CNN,225034,4,0.0006,8.84673818525496e-11,3.710257812490454e-10,8.197566300320128e-10,1.2792497931336077e-09,4.707737158186362e-10,29.5,None (CPU Only),82.9,4056,56.6875,0.9892,0.9892439657492182,0.9892,0.9891926214431039,2631040
2026-04-04 16:35:36,10dbfbe4-6095-46e4-bfec-4d1abf94471a,10dbfbe4,Unknown_Device,automated,110,8,CNN,225034,8,0.0013,1.6844995213323273e-09,7.799813479772031e-09,1.9098266784567385e-09,1.1394139679561097e-08,4.193130617878715e-09,42.1,None (CPU Only),83.6,4056,23.75,0.9892,0.9892439657492182,0.9892,0.9891926214431039,2631040
2026-04-04 16:35:40,10dbfbe4-6095-46e4-bfec-4d1abf94471a,10dbfbe4,Unknown_Device,automated,111,7,CNN,225034,1,0.0022,7.13385794707574e-09,1.818880839908767e-08,2.5581600008687623e-09,2.7880826347032172e-08,1.0260357507922306e-08,54.6,None (CPU Only),83.9,4056,25.578125,0.9892,0.9892439657492182,0.9892,0.9891926214431039,2631040
2026-04-04 16:35:47,10dbfbe4-6095-46e4-bfec-4d1abf94471a,10dbfbe4,Unknown_Device,automated,112,3,CNN,225034,3,0.002,1.0268513542963772e-08,1.431980009631338e-08,3.3548608189448716e-09,2.7943174458222024e-08,1.0283302090080275e-08,54.2,None (CPU Only),85.3,4056,23.71875,0.9892,0.9892439657492182,0.9892,0.9891926214431039,2631040
2026-04-04 16:35:52,10dbfbe4-6095-46e4-bfec-4d1abf94471a,10dbfbe4,Unknown_Device,automated,113,9,CNN,225034,9,0.003,1.0703180594279223e-08,7.592977504663092e-08,4.019235833159959e-09,9.06521914740701e-08,3.3360700354550085e-08,61.9,None (CPU Only),84.1,4056,31.71875,0.9892,0.9892439657492182,0.9892,0.9891926214431039,2631040
2026-04-04 16:35:56,10dbfbe4-6095-46e4-bfec-4d1abf94471a,10dbfbe4,Unknown_Device,automated,114,7,CNN,225034,7,0.0023,4.986241028851105e-09,3.973633170341297e-09,2.6855549852674207e-09,1.1645429184459823e-08,4.285607079162803e-09,48.9,None (CPU Only),83.2,4056,23.625,0.9892,0.9892439657492182,0.9892,0.9891926214431039,2631040
2026-04-04 16:35:59,10dbfbe4-6095-46e4-bfec-4d1abf94471a,10dbfbe4,Unknown_Device,automated,115,4,CNN,225034,4,0.0011,2.6060476540199797e-09,2.3174684819791257e-09,1.3476391419923555e-09,6.271155277991461e-09,2.3078331445056158e-09,39.4,None (CPU Only),78.6,4056,55.09375,0.9892,0.9892439657492182,0.9892,0.9891926214431039,2631040
2026-04-04 16:36:03,10dbfbe4-6095-46e4-bfec-4d1abf94471a,10dbfbe4,Unknown_Device,automated,116,4,CNN,225034,4,0.0004,1.2546208411287e-09,5.908871354137471e-08,6.086800325041016e-10,6.095201441500751e-08,2.2430807858483065e-08,42.6,None (CPU Only),78.9,4056,29.625,0.9892,0.9892439657492182,0.9892,0.9891926214431039,2631040
2026-04-04 16:36:07,10dbfbe4-6095-46e4-bfec-4d1abf94471a,10dbfbe4,Unknown_Device,automated,117,4,CNN,225034,4,0.0009,2.8546465069262516e-10,1.1785012732376667e-07,1.1576383258216083e-09,1.192932303002809e-07,4.390082187381372e-08,37.9,None (CPU Only),80.8,4056,55.453125,0.9892,0.9892439657492182,0.9892,0.9891926214431039,2631040
2026-04-04 16:36:10,10dbfbe4-6095-46e4-bfec-4d1abf94471a,10dbfbe4,Unknown_Device,automated,118,9,CNN,225034,9,0.0004,9.72202842854636e-11,1.259046446857974e-07,6.875691663784286e-10,1.2668943413646129e-07,4.6622681499353664e-08,31.2,None (CPU Only),80.8,4056,56.953125,0.9892,0.9892439657492182,0.9892,0.9891926214431039,2631040
2026-04-04 16:36:17,10dbfbe4-6095-46e4-bfec-4d1abf94471a,10dbfbe4,Unknown_Device,automated,119,2,CNN,225034,2,0.0032,4.36482877123894e-09,6.032647301923134e-08,3.884964971803129e-09,6.857626676227341e-08,2.5236591081686956e-08,35.0,None (CPU Only),80.8,4056,66.046875,0.9892,0.9892439657492182,0.9892,0.9891926214431039,2631040
2026-04-04 16:36:22,10dbfbe4-6095-46e4-bfec-4d1abf94471a,10dbfbe4,Unknown_Device,automated,120,5,CNN,225034,5,0.0011,1.2632550683176508e-10,0.0,1.8368049738152572e-09,1.9631304806470224e-09,7.224470435497655e-10,26.9,None (CPU Only),79.3,4056,69.28125,0.9892,0.9892439657492182,0.9892,0.9891926214431039,2631040
2026-04-04 16:36:25,10dbfbe4-6095-46e4-bfec-4d1abf94471a,10dbfbe4,Unknown_Device,automated,121,4,CNN,225034,4,0.0011,4.944571209165993e-10,0.0,1.2121174950152636e-09,1.706574615931863e-09,6.280325215421748e-10,28.2,None (CPU Only),79.8,4056,65.640625,0.9892,0.9892439657492182,0.9892,0.9891926214431039,2631040
2026-04-04 16:36:29,10dbfbe4-6095-46e4-bfec-4d1abf94471a,10dbfbe4,Unknown_Device,automated,122,7,CNN,225034,7,0.0008,2.3360907438068853e-10,0.0,9.370483167003841e-10,1.1706573910810727e-09,4.308108806488799e-10,28.5,None (CPU Only),79.4,4056,65.671875,0.9892,0.9892439657492182,0.9892,0.9891926214431039,2631040
2026-04-04 16:36:32,10dbfbe4-6095-46e4-bfec-4d1abf94471a,10dbfbe4,Unknown_Device,automated,123,6,CNN,225034,6,0.0004,5.557646207744256e-10,7.760360628507138e-08,5.889233337560048e-10,7.874829423960182e-08,2.8979975054555044e-08,29.1,None (CPU Only),81.8,4056,51.59375,0.9892,0.9892439657492182,0.9892,0.9891926214431039,2631040
2026-04-04 16:36:36,10dbfbe4-6095-46e4-bfec-4d1abf94471a,10dbfbe4,Unknown_Device,automated,124,7,CNN,225034,7,0.0009,1.9806256475599693e-09,1.9300659340369747e-09,1.2386108573991806e-09,5.149302438996125e-09,1.8949827125959813e-09,46.1,None (CPU Only),79.9,4056,41.53125,0.9892,0.9892439657492182,0.9892,0.9891926214431039,2631040
2026-04-04 16:36:40,10dbfbe4-6095-46e4-bfec-4d1abf94471a,10dbfbe4,Unknown_Device,automated,125,9,CNN,225034,9,0.0012,3.2462027551373473e-09,1.9426611180291123e-09,1.6312149818986653e-09,6.820078855065125e-09,2.5098412225733185e-09,45.2,None (CPU Only),80.0,4056,33.609375,0.9892,0.9892439657492182,0.9892,0.9891926214431039,2631040
2026-04-04 16:36:47,10dbfbe4-6095-46e4-bfec-4d1abf94471a,10dbfbe4,Unknown_Device,automated,126,0,CNN,225034,0,0.0019,1.3103934678719573e-08,2.398432357653898e-09,6.810694176238031e-09,2.2313061212611502e-08,8.211377320310966e-09,46.3,None (CPU Only),83.5,4056,26.578125,0.9892,0.9892439657492182,0.9892,0.9891926214431039,2631040
2026-04-04 16:36:52,10dbfbe4-6095-46e4-bfec-4d1abf94471a,10dbfbe4,Unknown_Device,automated,127,5,CNN,225034,5,0.0026,1.475287150847079e-09,1.121476542171634e-08,3.811180019207919e-09,1.6501232591771338e-08,6.072579901527046e-09,37.7,None (CPU Only),81.3,4056,25.890625,0.9892,0.9892439657492182,0.9892,0.9891926214431039,2631040
2026-04-04 16:36:55,10dbfbe4-6095-46e4-bfec-4d1abf94471a,10dbfbe4,Unknown_Device,automated,128,8,CNN,225034,8,0.0015,4.1443602570668913e-10,8.317759255361225e-10,1.7584025044925513e-09,3.004614455735363e-09,1.105721118362685e-09,30.4,None (CPU Only),81.3,4056,54.515625,0.9892,0.9892439657492182,0.9892,0.9891926214431039,2631040
2026-04-04 16:36:59,10dbfbe4-6095-46e4-bfec-4d1abf94471a,10dbfbe4,Unknown_Device,automated,129,5,CNN,225034,5,0.0012,2.461447013281738e-09,0.0,1.2156949863613893e-09,3.677141999643127e-09,1.3532164023449368e-09,46.0,None (CPU Only),83.0,4056,26.84375,0.9892,0.9892439657492182,0.9892,0.9891926214431039,2631040
2026-04-04 16:37:02,10dbfbe4-6095-46e4-bfec-4d1abf94471a,10dbfbe4,Unknown_Device,automated,130,6,CNN,225034,6,0.0013,3.0305812385793415e-09,6.722863501519897e-09,1.5685075292518984e-09,1.1321952269351137e-08,4.166565098366985e-09,43.8,None (CPU Only),84.8,4056,24.34375,0.9892,0.9892439657492182,0.9892,0.9891926214431039,2631040
2026-04-04 16:37:06,10dbfbe4-6095-46e4-bfec-4d1abf94471a,10dbfbe4,Unknown_Device,automated,131,6,CNN,225034,6,0.001,1.9132079610911509e-10,7.941078589727921e-10,1.3753816407794754e-09,2.3608102958613825e-09,8.687962595663903e-10,26.6,None (CPU Only),84.4,4056,55.203125,0.9892,0.9892439657492182,0.9892,0.9891926214431039,2631040
2026-04-04 16:37:09,10dbfbe4-6095-46e4-bfec-4d1abf94471a,10dbfbe4,Unknown_Device,automated,132,5,CNN,225034,5,0.0008,8.889285721428073e-11,4.59238385555121e-09,9.872216711907338e-10,5.668498383956224e-09,2.086050794497407e-09,29.4,None (CPU Only),84.2,4056,56.171875,0.9892,0.9892439657492182,0.9892,0.9891926214431039,2631040
2026-04-04 16:37:16,10dbfbe4-6095-46e4-bfec-4d1abf94471a,10dbfbe4,Unknown_Device,automated,133,7,CNN,225034,7,0.0034,1.3092204309864125e-08,3.8757731743050196e-08,6.3341316611816485e-09,5.818406771409597e-08,2.141218228545554e-08,42.7,None (CPU Only),83.0,4056,44.765625,0.9892,0.9892439657492182,0.9892,0.9891926214431039,2631040
2026-04-04 16:37:21,10dbfbe4-6095-46e4-bfec-4d1abf94471a,10dbfbe4,Unknown_Device,automated,134,8,CNN,225034,8,0.0033,1.0019990806817078e-08,0.0,4.720347496913746e-09,1.4740338303730825e-08,5.4245573248620185e-09,57.3,None (CPU Only),83.3,4056,24.09375,0.9892,0.9892439657492182,0.9892,0.9891926214431039,2631040
2026-04-04 16:37:25,10dbfbe4-6095-46e4-bfec-4d1abf94471a,10dbfbe4,Unknown_Device,automated,135,1,CNN,225034,1,0.0015,7.645380442709817e-09,1.6833863230024065e-07,3.984340000897646e-09,1.799683527438481e-07,6.622973136735276e-08,56.2,None (CPU Only),86.4,4056,23.75,0.9892,0.9892439657492182,0.9892,0.9891926214431039,2631040
2026-04-04 16:37:28,10dbfbe4-6095-46e4-bfec-4d1abf94471a,10dbfbe4,Unknown_Device,automated,136,0,CNN,225034,0,0.0008,2.113893414498307e-09,1.0282741861197995e-08,1.0751391528174283e-09,1.347177442851373e-08,4.9577161086314156e-09,51.1,None (CPU Only),86.3,4056,25.171875,0.9892,0.9892439657492182,0.9892,0.9891926214431039,2631040
2026-04-04 16:37:32,10dbfbe4-6095-46e4-bfec-4d1abf94471a,10dbfbe4,Unknown_Device,automated,137,1,CNN,225034,1,0.0013,4.2837984187062825e-09,1.615463415996055e-08,1.6660066709543267e-09,2.210443924962116e-08,8.134602841045459e-09,53.1,None (CPU Only),85.0,4056,24.140625,0.9892,0.9892439657492182,0.9892,0.9891926214431039,2631040
2026-04-04 16:37:36,10dbfbe4-6095-46e4-bfec-4d1abf94471a,10dbfbe4,Unknown_Device,automated,138,6,CNN,225034,6,0.0008,2.1963892251951628e-09,1.6454441360842288e-07,1.1565625027287751e-09,1.6789736533634682e-07,6.178751560469925e-08,47.8,None (CPU Only),86.1,4056,24.359375,0.9892,0.9892439657492182,0.9892,0.9891926214431039,2631040
2026-04-04 16:37:40,10dbfbe4-6095-46e4-bfec-4d1abf94471a,10dbfbe4,Unknown_Device,automated,139,4,CNN,225034,4,0.0009,3.288498351717459e-09,5.061175300870672e-09,1.248819122944648e-09,9.59849277553278e-09,3.5323188125182334e-09,59.4,None (CPU Only),83.8,4056,24.234375,0.9892,0.9892439657492182,0.9892,0.9891926214431039,2631040
2026-04-04 16:37:46,10dbfbe4-6095-46e4-bfec-4d1abf94471a,10dbfbe4,Unknown_Device,automated,140,6,CNN,225034,6,0.003,9.272347846975511e-09,2.1634326909545863e-08,4.366597471137842e-09,3.527327222765922e-08,1.298083417705356e-08,45.4,None (CPU Only),85.5,4056,25.421875,0.9892,0.9892439657492182,0.9892,0.9891926214431039,2631040
2026-04-04 16:37:51,10dbfbe4-6095-46e4-bfec-4d1abf94471a,10dbfbe4,Unknown_Device,automated,141,7,CNN,225034,7,0.001,3.3968905798651075e-09,6.928707957846604e-08,1.9199649977963416e-09,7.460393515612748e-08,2.7454819189073376e-08,42.2,None (CPU Only),82.5,4056,34.234375,0.9892,0.9892439657492182,0.9892,0.9891926214431039,2631040
2026-04-04 16:37:55,10dbfbe4-6095-46e4-bfec-4d1abf94471a,10dbfbe4,Unknown_Device,automated,142,3,CNN,225034,3,0.0016,1.1959566592575153e-09,1.809646872326913e-07,1.983229206719746e-09,1.8414387309866854e-07,6.776635481921198e-08,38.0,None (CPU Only),83.0,4056,55.515625,0.9892,0.9892439657492182,0.9892,0.9891926214431039,2631040
2026-04-04 16:37:59,10dbfbe4-6095-46e4-bfec-4d1abf94471a,10dbfbe4,Unknown_Device,automated,143,1,CNN,225034,1,0.0012,3.10714328192666e-10,0.0,1.3443058317837616e-09,1.6550201599764277e-09,6.09060087129896e-10,33.6,None (CPU Only),76.3,4056,56.890625,0.9892,0.9892439657492182,0.9892,0.9891926214431039,2631040
2026-04-04 16:38:02,10dbfbe4-6095-46e4-bfec-4d1abf94471a,10dbfbe4,Unknown_Device,automated,144,7,CNN,225034,7,0.0012,1.0525699094076926e-09,5.835874744868812e-09,1.3245483084271352e-09,8.21299296270364e-09,3.0224442761668523e-09,33.2,None (CPU Only),80.3,4056,57.9375,0.9892,0.9892439657492182,0.9892,0.9891926214431039,2631040
2026-04-04 16:38:06,10dbfbe4-6095-46e4-bfec-4d1abf94471a,10dbfbe4,Unknown_Device,automated,145,1,CNN,225034,1,0.0008,2.0795214228710393e-09,5.558044522881067e-09,1.013054958699892e-09,8.650620904451998e-09,3.1834947085286717e-09,37.6,None (CPU Only),78.7,4056,57.921875,0.9892,0.9892439657492182,0.9892,0.9891926214431039,2631040
2026-04-04 16:38:09,10dbfbe4-6095-46e4-bfec-4d1abf94471a,10dbfbe4,Unknown_Device,automated,146,8,CNN,225034,8,0.001,1.5474429226532165e-09,8.628280832378207e-08,1.1441666477670271e-09,8.897441789420232e-08,3.27432668347354e-08,35.8,None (CPU Only),78.7,4056,57.25,0.9892,0.9892439657492182,0.9892,0.9891926214431039,2631040
2026-04-04 16:38:16,10dbfbe4-6095-46e4-bfec-4d1abf94471a,10dbfbe4,Unknown_Device,automated,147,2,CNN,225034,2,0.0049,3.547004194390158e-09,1.5350391194411913e-08,6.187291631552702e-09,2.5084687020354773e-08,9.231356832814081e-09,39.5,None (CPU Only),81.0,4056,47.890625,0.9892,0.9892439657492182,0.9892,0.9891926214431039,2631040
2026-04-04 16:38:21,10dbfbe4-6095-46e4-bfec-4d1abf94471a,10dbfbe4,Unknown_Device,automated,148,0,CNN,225034,0,0.0024,5.710988665848466e-09,2.3366451111570413e-09,2.8278816898819057e-09,1.0875515466887413e-08,4.0022729378349825e-09,33.9,None (CPU Only),79.7,4056,57.296875,0.9892,0.9892439657492182,0.9892,0.9891926214431039,2631040
2026-04-04 16:38:24,10dbfbe4-6095-46e4-bfec-4d1abf94471a,10dbfbe4,Unknown_Device,automated,149,2,CNN,225034,2,0.0005,1.3222851180908038e-09,7.856595000016064e-10,6.506950012408197e-10,2.7586396193332302e-09,1.0152004957661731e-09,43.3,None (CPU Only),77.6,4056,33.28125,0.9892,0.9892439657492182,0.9892,0.9891926214431039,2631040
